reviewer_id,reviewer,gender
id_1,NM Mashurov,Female
id_2,Sasha Geffen,Female
id_3,Aaron Leitko,Male
id_4,Adlan Jackson,Male
id_5,Alex Frank,Male
id_6,Alfred Soto,Male
id_7,Alphonse Pierre,Male
id_8,Andrew Gaerig,Male
id_9,Andrew Nosnitsky,Male
id_10,Andrew Ryce,Male
id_11,Andy Beta,Male
id_12,Andy Cush,Male
id_13,Arjun Srivatsa,Male
id_14,Ben Cardew,Male
id_15,Bhanuj Kappal,Male
id_16,Brad Nelson,Male
id_17,Brad Sanders,Male
id_18,Brad Shoup,Male
id_19,Brandon Callender,Male
id_20,Brandon Stosuy,Male
id_21,Brian Howe,Male
id_22,Brian Josephs,Male
id_23,Cameron Cook,Male
id_24,Chris O’Connell,Male
id_25,Chris Randle,Male
id_26,Colin Joyce,Male
id_27,Colin Lodewick,Male
id_28,Corban Goble,Male
id_29,Corey Smith-West,Male
id_30,Craig Jenkins,Male
id_31,Dani Blum,Male
id_32,Daniel Bromfield,Male
id_33,Daniel Felsenthal,Male
id_34,Dash Lewis,Male
id_35,David Drake,Male
id_36,David Turner,Male
id_37,Dayna Evans,Male
id_38,Dean Van Nguyen,Male
id_39,Douglas Wolk,Male
id_40,Dylan Green,Male
id_41,Eric Torres,Male
id_42,Ernest Wilkins,Male
id_43,Evan Minsker,Male
id_44,Evan Rytlewski,Male
id_45,Gabriel Szatan,Male
id_46,Gio Santiago,Male
id_47,Grayson Currin,Male
id_48,Grayson Haver Currin,Male
id_49,Hanif Abdurraqib,Male
id_50,Harry Tafoya,Male
id_51,Ian Cohen,Male
id_52,Jace Clayton,Male
id_53,Jackson Howard,Male
id_54,Jamieson Cox,Male
id_55,Jason Heller,Male
id_56,Jason King,Male
id_57,Jay Balfour,Male
id_58,Jayson Greene,Male
id_59,Jazz Monroe,Male
id_60,Jemima Skala,Male
id_61,Jeremy D. Larson,Male
id_62,Jeremy Gordon,Male
id_63,Jesse Dorris,Male
id_64,Jesse Jarnow,Male
id_65,Jesse Locke,Male
id_66,Joe Tangari,Male
id_67,Jonah Bromwich,Male
id_68,Joshua Minsoo Kim,Male
id_69,Jude Noel,Male
id_70,Kevin Lozano,Male
id_71,Larry Fitzmaurice,Male
id_72,Louis Pattison,Male
id_73,Mano Sundaresan,Male
id_74,Marc Hogan,Male
id_75,Marc Masters,Male
id_76,Marcus J. Moore,Male
id_77,Mark Richardson,Male
id_78,Matthew Blackwell,Male
id_79,Matthew Ismael Ruiz,Male
id_80,Matthew Murphy,Male
id_81,Matthew Ramirez,Male
id_82,Matthew Ritchie,Male
id_83,Matthew Schnipper,Male
id_84,Matthew Strauss,Male
id_85,Mehan Jayasuriya,Male
id_86,Mike Powell,Male
id_87,Miles Raymer,Male
id_88,Nate Patrin,Male
id_89,Nathan Reese,Male
id_90,Noah Yoo,Male
id_91,Owen Myers,Male
id_92,Patric Fallon,Male
id_93,Patrick Lyons,Male
id_94,Paul A. Thompson,Male
id_95,Paul Thompson,Male
id_96,Pete Tosiello,Male
id_97,Peyton Toups,Male
id_98,Philip Sherburne,Male
id_99,Raphael Helfand,Male
id_100,Raymond Cummings,Male
id_101,Renato Pagnani,Male
id_102,Reynolds,Male
id_103,Rich Juzwiak,Male
id_104,Rob Arcand,Male
id_105,Ross Scarano,Male
id_106,Ryan Dombal,Male
id_107,Ryan Leas,Male
id_108,Saby Reyes-Kulkarni,Male
id_109,Sam Goldner,Male
id_110,Sam Hockley-Smith,Male
id_111,Sam Sodomsky,Male
id_112,Seth Colter Walls,Male
id_113,Shaad D’Souza,Male
id_114,Shawn Reynaldo,Male
id_115,Sheldon Pearce,Male
id_116,Simon Reynolds,Male
id_117,Stephen Deusner,Male
id_118,Stephen Kearse,Male
id_119,Stephen M. Deusner,Male
id_120,Stephen Thomas Erlewine,Male
id_121,Stuart Berman,Male
id_122,T. Cole Rachel,Male
id_123,Timmhotep Aku,Male
id_124,Trey Alston,Male
id_125,Will Hermes,Male
id_126,Will Miller,Male
id_127,Will Pritchard,Male
id_128,Winston Cook-Wilson,Male
id_129,Wood,Male
id_130,Zach Kelly,Male
id_131,Zach Schonfeld,Male
id_132,Abby Jones,Female
id_133,Abigail Garnett,Female
id_134,Aimee Cliff,Female
id_135,Alison Fensterstock,Female
id_136,Allison Hussey,Female
id_137,Allison P. Davis,Female
id_138,Amanda Petrusich,Female
id_139,Amy Phillips,Female
id_140,Anna Gaca,Female
id_141,Anupa Mistry,Female
id_142,Arielle Gordon,Female
id_143,Ashley Bardhan,Female
id_144,Billie,Female
id_145,Briana Younger,Female
id_146,Britt Julious,Female
id_147,Calum Marsh,Female
id_148,Carrie Courogen,Female
id_149,Cat Zhang,Female
id_150,Claire Lobenfeld,Female
id_151,Claire Shaffer,Female
id_152,Clover Hope,Female
id_153,Daphne Carr,Female
id_154,Emma Carmichael,Female
id_155,Emma Madden,Female
id_156,Erin Macleod,Female
id_157,Hannah Jocelyn,Female
id_158,Hannah Seidlitz,Female
id_159,Hattie Lindert,Female
id_160,Hazel Cills,Female
id_161,Heven Haile,Female
id_162,Isabelia Herrera,Female
id_163,Ivie Ani,Female
id_164,Jaeden Pinder,Female
id_165,Jane Bua,Female
id_166,Jenn Pelly,Female
id_167,Jenzia Burgos,Female
id_168,Jes Skolnik,Female
id_169,Jessica Kariisa,Female
id_170,Jia Tolentino,Female
id_171,Jill Mapes,Female
id_172,Jillian Mapes,Female
id_173,Judy Berman,Female
id_174,Julia Gray,Female
id_175,Julianne Escobedo Shepherd,Female
id_176,Katherine St. Asaph,Female
id_177,Kelly Liu,Female
id_178,Kristin Corry,Female
id_179,Lane Brown,Female
id_180,Laura Snapes,Female
id_181,Leah Mandel,Female
id_182,Linnie Greene,Female
id_183,Madison Bloom,Female
id_184,Maggie Lange,Female
id_185,Mankaprr Conteh,Female
id_186,Margeaux Labat,Female
id_187,Maria Eberhart,Female
id_188,Marissa Lorusso,Female
id_189,Michelle Kim,Female
id_190,Mina Tavakoli,Female
id_191,Minna Zhou,Female
id_192,Molly Beauchemin,Female
id_193,Nadine Smith,Female
id_194,Natalie Weiner,Female
id_195,Nina Corcoran,Female
id_196,Obbo,Female
id_197,Olivia Horn,Female
id_198,Peyton Thomas,Female
id_199,Puja Patel,Female
id_200,Quinn Moreland,Female
id_201,Rachel Saywitz,Female
id_202,Rawiya Kameir,Female
id_203,Rebecca Bengal,Female
id_204,Ruth Saxelby,Female
id_205,Shy Thompson,Female
id_206,Sophie Kemp,Female
id_207,Stacey Anderson,Female
id_208,Stefanie Fernández,Female
id_209,Sue Park,Female
id_210,Tarisai Ngangura,Female
id_211,Tatiana Lee Rodriguez,Female
id_212,Thea Ballard,Female
id_213,Vanessa Ague,Female
id_214,Vanessa Okoth-Obbo,Female
id_215,Veracia Ankrah,Female
id_216,Vrinda Jagota,Female
id_217,Zhenzhen Yu,Female
id_218,Zoe Camp,Female
