artist,artist_id,title,track_id,album,release_date,popularity,explicit,duration_sec,audio_features,Source Title,Playlist
Drake,3TVXtAsR1Inumwj472S9r4,"Hold On, We're Going Home",14Rcq31SafFBHNEwXrtR2B,Nothing Was The Same (Deluxe),2013-01-01,2,False,227.88,"{'danceability': 0.776, 'energy': 0.413, 'key': 6, 'loudness': -7.438, 'mode': 0, 'speechiness': 0.0952, 'acousticness': 0.00415, 'instrumentalness': 2.68e-05, 'liveness': 0.0724, 'valence': 0.287, 'tempo': 100.003, 'type': 'audio_features', 'id': '14Rcq31SafFBHNEwXrtR2B', 'uri': 'spotify:track:14Rcq31SafFBHNEwXrtR2B', 'track_href': 'https://api.spotify.com/v1/tracks/14Rcq31SafFBHNEwXrtR2B', 'analysis_url': 'https://api.spotify.com/v1/audio-analysis/14Rcq31SafFBHNEwXrtR2B', 'duration_ms': 227880, 'time_signature': 4}",The Top 100 Tracks of 2013,Top 100 Tracks of 2013
Kanye West,5K4W6rqBFWDnAN6FQUkS6x,New Slaves,4cAgkb0ifwn0FSHGXnr4F6,Yeezus,2013-06-18,66,True,256.093,"{'danceability': 0.506, 'energy': 0.59, 'key': 1, 'loudness': -4.322, 'mode': 1, 'speechiness': 0.076, 'acousticness': 0.165, 'instrumentalness': 1.09e-05, 'liveness': 0.096, 'valence': 0.359, 'tempo': 141.099, 'type': 'audio_features', 'id': '4cAgkb0ifwn0FSHGXnr4F6', 'uri': 'spotify:track:4cAgkb0ifwn0FSHGXnr4F6', 'track_href': 'https://api.spotify.com/v1/tracks/4cAgkb0ifwn0FSHGXnr4F6', 'analysis_url': 'https://api.spotify.com/v1/audio-analysis/4cAgkb0ifwn0FSHGXnr4F6', 'duration_ms': 256093, 'time_signature': 4}",The Top 100 Tracks of 2013,Top 100 Tracks of 2013
Vampire Weekend,5BvJzeQpmsdsFp4HGUYUEx,Hannah Hunt,3t87C08isN6yw2DnWOorLm,Modern Vampires of the City,2013-05-27,0,False,237.973,"{'danceability': 0.345, 'energy': 0.313, 'key': 4, 'loudness': -10.098, 'mode': 1, 'speechiness': 0.0681, 'acousticness': 0.717, 'instrumentalness': 0.000822, 'liveness': 0.1, 'valence': 0.164, 'tempo': 207.969, 'type': 'audio_features', 'id': '3t87C08isN6yw2DnWOorLm', 'uri': 'spotify:track:3t87C08isN6yw2DnWOorLm', 'track_href': 'https://api.spotify.com/v1/tracks/3t87C08isN6yw2DnWOorLm', 'analysis_url': 'https://api.spotify.com/v1/audio-analysis/3t87C08isN6yw2DnWOorLm', 'duration_ms': 237973, 'time_signature': 4}",The Top 100 Tracks of 2013,Top 100 Tracks of 2013
Arcade Fire,3kjuyTCjPG1WMFCiyc5IuB,Reflektor,2LWMF10STZqYY9a3YqBiOG,Reflektor,2013-01-01,0,False,453.949,"{'danceability': 0.589, 'energy': 0.72, 'key': 11, 'loudness': -8.33, 'mode': 0, 'speechiness': 0.0309, 'acousticness': 0.0445, 'instrumentalness': 0.0142, 'liveness': 0.364, 'valence': 0.648, 'tempo': 111.602, 'type': 'audio_features', 'id': '2LWMF10STZqYY9a3YqBiOG', 'uri': 'spotify:track:2LWMF10STZqYY9a3YqBiOG', 'track_href': 'https://api.spotify.com/v1/tracks/2LWMF10STZqYY9a3YqBiOG', 'analysis_url': 'https://api.spotify.com/v1/audio-analysis/2LWMF10STZqYY9a3YqBiOG', 'duration_ms': 453949, 'time_signature': 4}",The Top 100 Tracks of 2013,Top 100 Tracks of 2013
Ciara,2NdeV5rLm47xAvogXrYhJX,Body Party,1OPRqekUHVWzzRNZnROTkk,Ciara,2013-07-09,23,False,234.053,"{'danceability': 0.594, 'energy': 0.573, 'key': 2, 'loudness': -6.304, 'mode': 1, 'speechiness': 0.0571, 'acousticness': 0.0179, 'instrumentalness': 0, 'liveness': 0.629, 'valence': 0.115, 'tempo': 134.185, 'type': 'audio_features', 'id': '1OPRqekUHVWzzRNZnROTkk', 'uri': 'spotify:track:1OPRqekUHVWzzRNZnROTkk', 'track_href': 'https://api.spotify.com/v1/tracks/1OPRqekUHVWzzRNZnROTkk', 'analysis_url': 'https://api.spotify.com/v1/audio-analysis/1OPRqekUHVWzzRNZnROTkk', 'duration_ms': 234053, 'time_signature': 4}",The Top 100 Tracks of 2013,Top 100 Tracks of 2013
HAIM,4Ui2kfOqGujY81UcPrb5KE,The Wire,6golelYKuy85o3u0cxIxFK,Days Are Gone,2013-09-30,59,False,245.293,"{'danceability': 0.547, 'energy': 0.635, 'key': 2, 'loudness': -5.569, 'mode': 1, 'speechiness': 0.137, 'acousticness': 0.0127, 'instrumentalness': 5.01e-06, 'liveness': 0.0585, 'valence': 0.525, 'tempo': 113.678, 'type': 'audio_features', 'id': '6golelYKuy85o3u0cxIxFK', 'uri': 'spotify:track:6golelYKuy85o3u0cxIxFK', 'track_href': 'https://api.spotify.com/v1/tracks/6golelYKuy85o3u0cxIxFK', 'analysis_url': 'https://api.spotify.com/v1/audio-analysis/6golelYKuy85o3u0cxIxFK', 'duration_ms': 245293, 'time_signature': 4}",The Top 100 Tracks of 2013,Top 100 Tracks of 2013
Disclosure,6nS5roXSAGhTGr34W6n7Et,Latch,1BltsyC5W3SAABdxyrDXwi,Settle,2013-01-01,0,False,255.631,"{'danceability': 0.503, 'energy': 0.727, 'key': 1, 'loudness': -5.456, 'mode': 1, 'speechiness': 0.167, 'acousticness': 0.0159, 'instrumentalness': 9.45e-05, 'liveness': 0.0895, 'valence': 0.521, 'tempo': 121.985, 'type': 'audio_features', 'id': '1BltsyC5W3SAABdxyrDXwi', 'uri': 'spotify:track:1BltsyC5W3SAABdxyrDXwi', 'track_href': 'https://api.spotify.com/v1/tracks/1BltsyC5W3SAABdxyrDXwi', 'analysis_url': 'https://api.spotify.com/v1/audio-analysis/1BltsyC5W3SAABdxyrDXwi', 'duration_ms': 255632, 'time_signature': 4}",The Top 100 Tracks of 2013,Top 100 Tracks of 2013
Daft Punk,4tZwfgrHOc3mvqYlEYSvVi,Get Lucky (feat. Pharrell Williams and Nile Rodgers),69kOkLUCkxIZYexIgSG8rq,Random Access Memories,2013-05-20,75,False,369.626,"{'danceability': 0.81, 'energy': 0.793, 'key': 6, 'loudness': -9.404, 'mode': 0, 'speechiness': 0.0403, 'acousticness': 0.0378, 'instrumentalness': 1.77e-06, 'liveness': 0.072, 'valence': 0.863, 'tempo': 116.05, 'type': 'audio_features', 'id': '69kOkLUCkxIZYexIgSG8rq', 'uri': 'spotify:track:69kOkLUCkxIZYexIgSG8rq', 'track_href': 'https://api.spotify.com/v1/tracks/69kOkLUCkxIZYexIgSG8rq', 'analysis_url': 'https://api.spotify.com/v1/audio-analysis/69kOkLUCkxIZYexIgSG8rq', 'duration_ms': 369627, 'time_signature': 4}",The Top 100 Tracks of 2013,Top 100 Tracks of 2013
Deafheaven,4XpPveeg7RuYS3CgLo75t9,Dream House,6l3A2EWZSOA8LTMmzRCyD3,Sunbather,2013-05-28,46,False,554.573,"{'danceability': 0.1, 'energy': 0.804, 'key': 7, 'loudness': -4.669, 'mode': 1, 'speechiness': 0.0768, 'acousticness': 6.84e-06, 'instrumentalness': 0.916, 'liveness': 0.384, 'valence': 0.0954, 'tempo': 82.211, 'type': 'audio_features', 'id': '6l3A2EWZSOA8LTMmzRCyD3', 'uri': 'spotify:track:6l3A2EWZSOA8LTMmzRCyD3', 'track_href': 'https://api.spotify.com/v1/tracks/6l3A2EWZSOA8LTMmzRCyD3', 'analysis_url': 'https://api.spotify.com/v1/audio-analysis/6l3A2EWZSOA8LTMmzRCyD3', 'duration_ms': 554573, 'time_signature': 4}",The Top 100 Tracks of 2013,Top 100 Tracks of 2013
Autre Ne Veut,7MC5zmK3iZHzPqGZEVSROe,Play by Play,59ZIrPBaCOmLrweJOGHZOD,Anxiety,2013,0,False,313.706,"{'danceability': 0.35, 'energy': 0.844, 'key': 1, 'loudness': -4.161, 'mode': 0, 'speechiness': 0.0438, 'acousticness': 0.03, 'instrumentalness': 0, 'liveness': 0.177, 'valence': 0.104, 'tempo': 114.64, 'type': 'audio_features', 'id': '59ZIrPBaCOmLrweJOGHZOD', 'uri': 'spotify:track:59ZIrPBaCOmLrweJOGHZOD', 'track_href': 'https://api.spotify.com/v1/tracks/59ZIrPBaCOmLrweJOGHZOD', 'analysis_url': 'https://api.spotify.com/v1/audio-analysis/59ZIrPBaCOmLrweJOGHZOD', 'duration_ms': 313707, 'time_signature': 4}",The Top 100 Tracks of 2013,Top 100 Tracks of 2013
Kanye West,5K4W6rqBFWDnAN6FQUkS6x,Blood On The Leaves,42GcjriRK6srwHkfbkBqVl,Yeezus,2013-06-18,65,True,359.8,"{'danceability': 0.397, 'energy': 0.69, 'key': 2, 'loudness': -4.108, 'mode': 0, 'speechiness': 0.195, 'acousticness': 0.395, 'instrumentalness': 0, 'liveness': 0.101, 'valence': 0.36, 'tempo': 172.073, 'type': 'audio_features', 'id': '42GcjriRK6srwHkfbkBqVl', 'uri': 'spotify:track:42GcjriRK6srwHkfbkBqVl', 'track_href': 'https://api.spotify.com/v1/tracks/42GcjriRK6srwHkfbkBqVl', 'analysis_url': 'https://api.spotify.com/v1/audio-analysis/42GcjriRK6srwHkfbkBqVl', 'duration_ms': 359800, 'time_signature': 4}",The Top 100 Tracks of 2013,Top 100 Tracks of 2013
Sky Ferreira,7pyhre5oEEFMqcgMEvJY7q,I Blame Myself,0i62I5HJlzIVu2FALBmBPx,"Night Time, My Time",2013-01-01,40,False,237.04,"{'danceability': 0.692, 'energy': 0.739, 'key': 1, 'loudness': -4.122, 'mode': 1, 'speechiness': 0.0374, 'acousticness': 0.35, 'instrumentalness': 0, 'liveness': 0.32, 'valence': 0.819, 'tempo': 115.014, 'type': 'audio_features', 'id': '0i62I5HJlzIVu2FALBmBPx', 'uri': 'spotify:track:0i62I5HJlzIVu2FALBmBPx', 'track_href': 'https://api.spotify.com/v1/tracks/0i62I5HJlzIVu2FALBmBPx', 'analysis_url': 'https://api.spotify.com/v1/audio-analysis/0i62I5HJlzIVu2FALBmBPx', 'duration_ms': 237040, 'time_signature': 4}",The Top 100 Tracks of 2013,Top 100 Tracks of 2013
Earl Sweatshirt,3A5tHz1SfngyOZM2gItYKu,Sunday (feat. Frank Ocean),0fAehaneUJdlSlWXYe1KZp,Doris,2013-08-16,62,True,205.8,"{'danceability': 0.716, 'energy': 0.568, 'key': 2, 'loudness': -8.904, 'mode': 1, 'speechiness': 0.212, 'acousticness': 0.278, 'instrumentalness': 1.98e-06, 'liveness': 0.385, 'valence': 0.905, 'tempo': 136.894, 'type': 'audio_features', 'id': '0fAehaneUJdlSlWXYe1KZp', 'uri': 'spotify:track:0fAehaneUJdlSlWXYe1KZp', 'track_href': 'https://api.spotify.com/v1/tracks/0fAehaneUJdlSlWXYe1KZp', 'analysis_url': 'https://api.spotify.com/v1/audio-analysis/0fAehaneUJdlSlWXYe1KZp', 'duration_ms': 205800, 'time_signature': 4}",The Top 100 Tracks of 2013,Top 100 Tracks of 2013
Vampire Weekend,5BvJzeQpmsdsFp4HGUYUEx,Step,78J9MBkAoqfvyeEpQKJDzD,Modern Vampires of the City,2013-05-27,0,False,251.626,"{'danceability': 0.624, 'energy': 0.724, 'key': 10, 'loudness': -7.113, 'mode': 1, 'speechiness': 0.101, 'acousticness': 0.591, 'instrumentalness': 7.79e-06, 'liveness': 0.101, 'valence': 0.624, 'tempo': 78.008, 'type': 'audio_features', 'id': '78J9MBkAoqfvyeEpQKJDzD', 'uri': 'spotify:track:78J9MBkAoqfvyeEpQKJDzD', 'track_href': 'https://api.spotify.com/v1/tracks/78J9MBkAoqfvyeEpQKJDzD', 'analysis_url': 'https://api.spotify.com/v1/audio-analysis/78J9MBkAoqfvyeEpQKJDzD', 'duration_ms': 251627, 'time_signature': 4}",The Top 100 Tracks of 2013,Top 100 Tracks of 2013
SOPHIE,5a2w2tgpLwv26BYJf2qYwu,Bipp,5Q0YoqbVUvdtwJ36ctVuic,Bipp / Elle - Single,2013-06-17,0,False,224.142,"{'danceability': 0.744, 'energy': 0.698, 'key': 1, 'loudness': -3.987, 'mode': 0, 'speechiness': 0.164, 'acousticness': 0.0959, 'instrumentalness': 0.0972, 'liveness': 0.129, 'valence': 0.337, 'tempo': 82.718, 'type': 'audio_features', 'id': '5Q0YoqbVUvdtwJ36ctVuic', 'uri': 'spotify:track:5Q0YoqbVUvdtwJ36ctVuic', 'track_href': 'https://api.spotify.com/v1/tracks/5Q0YoqbVUvdtwJ36ctVuic', 'analysis_url': 'https://api.spotify.com/v1/audio-analysis/5Q0YoqbVUvdtwJ36ctVuic', 'duration_ms': 224143, 'time_signature': 5}",The Top 100 Tracks of 2013,Top 100 Tracks of 2013
Blood Orange,6LEeAFiJF8OuPx747e1wxR,You're Not Good Enough,3UNPA9XgUNAStNazmC67yF,Cupid Deluxe,2013-11-18,0,False,261.36,"{'danceability': 0.74, 'energy': 0.798, 'key': 0, 'loudness': -6.55, 'mode': 1, 'speechiness': 0.146, 'acousticness': 0.189, 'instrumentalness': 0.00128, 'liveness': 0.305, 'valence': 0.571, 'tempo': 119.964, 'type': 'audio_features', 'id': '3UNPA9XgUNAStNazmC67yF', 'uri': 'spotify:track:3UNPA9XgUNAStNazmC67yF', 'track_href': 'https://api.spotify.com/v1/tracks/3UNPA9XgUNAStNazmC67yF', 'analysis_url': 'https://api.spotify.com/v1/audio-analysis/3UNPA9XgUNAStNazmC67yF', 'duration_ms': 261360, 'time_signature': 4}",The Top 100 Tracks of 2013,Top 100 Tracks of 2013
Drake,3TVXtAsR1Inumwj472S9r4,Worst Behavior,6oF3Es1YzzmLKjGBfThUvD,Nothing Was The Same (Deluxe),2013-01-01,0,True,270.186,"{'danceability': 0.779, 'energy': 0.799, 'key': 9, 'loudness': -6.359, 'mode': 1, 'speechiness': 0.15, 'acousticness': 0.158, 'instrumentalness': 0, 'liveness': 0.209, 'valence': 0.414, 'tempo': 109.944, 'type': 'audio_features', 'id': '6oF3Es1YzzmLKjGBfThUvD', 'uri': 'spotify:track:6oF3Es1YzzmLKjGBfThUvD', 'track_href': 'https://api.spotify.com/v1/tracks/6oF3Es1YzzmLKjGBfThUvD', 'analysis_url': 'https://api.spotify.com/v1/audio-analysis/6oF3Es1YzzmLKjGBfThUvD', 'duration_ms': 270187, 'time_signature': 4}",The Top 100 Tracks of 2013,Top 100 Tracks of 2013
The Knife,7eQZTqEMozBcuSubfu52i4,Full of Fire,5IoLwIo6AQNR3nCbTlwyCD,Shaking the Habitual,2013-04-05,0,False,556.506,"{'danceability': 0.62, 'energy': 0.878, 'key': 9, 'loudness': -5.814, 'mode': 1, 'speechiness': 0.0454, 'acousticness': 0.00517, 'instrumentalness': 0.46, 'liveness': 0.0429, 'valence': 0.559, 'tempo': 143.001, 'type': 'audio_features', 'id': '5IoLwIo6AQNR3nCbTlwyCD', 'uri': 'spotify:track:5IoLwIo6AQNR3nCbTlwyCD', 'track_href': 'https://api.spotify.com/v1/tracks/5IoLwIo6AQNR3nCbTlwyCD', 'analysis_url': 'https://api.spotify.com/v1/audio-analysis/5IoLwIo6AQNR3nCbTlwyCD', 'duration_ms': 556507, 'time_signature': 4}",The Top 100 Tracks of 2013,Top 100 Tracks of 2013
Kurt Vile,5gspAQIAH8nJUrMYgXjCJ2,Wakin On A Pretty Day,19shiCDzoSq6cqZxZFx1EM,Wakin On A Pretty Daze [Deluxe Daze (Post Haze)],2013-11-18,0,False,570.693,"{'danceability': 0.38, 'energy': 0.777, 'key': 11, 'loudness': -8.201, 'mode': 1, 'speechiness': 0.0356, 'acousticness': 0.0484, 'instrumentalness': 0.749, 'liveness': 0.262, 'valence': 0.519, 'tempo': 102.111, 'type': 'audio_features', 'id': '19shiCDzoSq6cqZxZFx1EM', 'uri': 'spotify:track:19shiCDzoSq6cqZxZFx1EM', 'track_href': 'https://api.spotify.com/v1/tracks/19shiCDzoSq6cqZxZFx1EM', 'analysis_url': 'https://api.spotify.com/v1/audio-analysis/19shiCDzoSq6cqZxZFx1EM', 'duration_ms': 570693, 'time_signature': 4}",The Top 100 Tracks of 2013,Top 100 Tracks of 2013
James Blake,53KwLdlmrlCelAZMaLVZqU,Retrograde,2IqjKEBiz0CdLKdkXhxw84,Overgrown,2013-04-08,64,False,223.6,"{'danceability': 0.533, 'energy': 0.251, 'key': 7, 'loudness': -11.283, 'mode': 0, 'speechiness': 0.0372, 'acousticness': 0.873, 'instrumentalness': 0.104, 'liveness': 0.134, 'valence': 0.186, 'tempo': 77.503, 'type': 'audio_features', 'id': '2IqjKEBiz0CdLKdkXhxw84', 'uri': 'spotify:track:2IqjKEBiz0CdLKdkXhxw84', 'track_href': 'https://api.spotify.com/v1/tracks/2IqjKEBiz0CdLKdkXhxw84', 'analysis_url': 'https://api.spotify.com/v1/audio-analysis/2IqjKEBiz0CdLKdkXhxw84', 'duration_ms': 223600, 'time_signature': 4}",The Top 100 Tracks of 2013,Top 100 Tracks of 2013
Majical Cloudz,4BEYBN6NCPrFk3sOLMTby3,Childhood's End,6ddqBHpdgaM8nWYZZDdTqP,Impersonator,2013-05-20,0,False,228.535,"{'danceability': 0.372, 'energy': 0.413, 'key': 4, 'loudness': -9.512, 'mode': 0, 'speechiness': 0.0379, 'acousticness': 0.409, 'instrumentalness': 0.528, 'liveness': 0.106, 'valence': 0.16, 'tempo': 126.607, 'type': 'audio_features', 'id': '6ddqBHpdgaM8nWYZZDdTqP', 'uri': 'spotify:track:6ddqBHpdgaM8nWYZZDdTqP', 'track_href': 'https://api.spotify.com/v1/tracks/6ddqBHpdgaM8nWYZZDdTqP', 'analysis_url': 'https://api.spotify.com/v1/audio-analysis/6ddqBHpdgaM8nWYZZDdTqP', 'duration_ms': 228535, 'time_signature': 3}",The Top 100 Tracks of 2013,Top 100 Tracks of 2013
A$AP Ferg,5dHt1vcEm9qb8fCyLcB3HL,Shabba (feat. A$AP Rocky),7GZbvC8UoLPMK0Mt0K1Uui,Trap Lord,2013-08-19,24,False,275.866,"{'danceability': 0.855, 'energy': 0.737, 'key': 9, 'loudness': -5.942, 'mode': 1, 'speechiness': 0.107, 'acousticness': 0.103, 'instrumentalness': 0, 'liveness': 0.251, 'valence': 0.504, 'tempo': 119.994, 'type': 'audio_features', 'id': '7GZbvC8UoLPMK0Mt0K1Uui', 'uri': 'spotify:track:7GZbvC8UoLPMK0Mt0K1Uui', 'track_href': 'https://api.spotify.com/v1/tracks/7GZbvC8UoLPMK0Mt0K1Uui', 'analysis_url': 'https://api.spotify.com/v1/audio-analysis/7GZbvC8UoLPMK0Mt0K1Uui', 'duration_ms': 275867, 'time_signature': 4}",The Top 100 Tracks of 2013,Top 100 Tracks of 2013
Danny Brown,7aA592KWirLsnfb5ulGWvU,Kush Coma (feat. A$AP Rocky & Zelooperz),0FC0A4pl5mGYaS2JporIuU,Old,2013-10-08,45,True,281.011,"{'danceability': 0.574, 'energy': 0.965, 'key': 1, 'loudness': -4.643, 'mode': 1, 'speechiness': 0.116, 'acousticness': 0.00501, 'instrumentalness': 0, 'liveness': 0.188, 'valence': 0.301, 'tempo': 130.776, 'type': 'audio_features', 'id': '0FC0A4pl5mGYaS2JporIuU', 'uri': 'spotify:track:0FC0A4pl5mGYaS2JporIuU', 'track_href': 'https://api.spotify.com/v1/tracks/0FC0A4pl5mGYaS2JporIuU', 'analysis_url': 'https://api.spotify.com/v1/audio-analysis/0FC0A4pl5mGYaS2JporIuU', 'duration_ms': 281012, 'time_signature': 4}",The Top 100 Tracks of 2013,Top 100 Tracks of 2013
CHVRCHES,3CjlHNtplJyTf9npxaPl5w,The Mother We Share,3KMImfwJj3KXa6M3QRYsqH,The Bones Of What You Believe,2013-09-24,0,True,191.266,"{'danceability': 0.463, 'energy': 0.715, 'key': 1, 'loudness': -5.111, 'mode': 1, 'speechiness': 0.0304, 'acousticness': 0.0398, 'instrumentalness': 3.92e-06, 'liveness': 0.126, 'valence': 0.335, 'tempo': 173.854, 'type': 'audio_features', 'id': '3KMImfwJj3KXa6M3QRYsqH', 'uri': 'spotify:track:3KMImfwJj3KXa6M3QRYsqH', 'track_href': 'https://api.spotify.com/v1/tracks/3KMImfwJj3KXa6M3QRYsqH', 'analysis_url': 'https://api.spotify.com/v1/audio-analysis/3KMImfwJj3KXa6M3QRYsqH', 'duration_ms': 191267, 'time_signature': 4}",The Top 100 Tracks of 2013,Top 100 Tracks of 2013
Kingdom,1ofhNTFMyFVSs62cJWG0oj,Bank Head,6ZqTDO32h4gTjqerBtc6Fd,Saint Heron,2013-11-11,14,False,257.146,"{'danceability': 0.696, 'energy': 0.82, 'key': 9, 'loudness': -6.609, 'mode': 1, 'speechiness': 0.0773, 'acousticness': 0.165, 'instrumentalness': 0.0135, 'liveness': 0.149, 'valence': 0.579, 'tempo': 134.97, 'type': 'audio_features', 'id': '6ZqTDO32h4gTjqerBtc6Fd', 'uri': 'spotify:track:6ZqTDO32h4gTjqerBtc6Fd', 'track_href': 'https://api.spotify.com/v1/tracks/6ZqTDO32h4gTjqerBtc6Fd', 'analysis_url': 'https://api.spotify.com/v1/audio-analysis/6ZqTDO32h4gTjqerBtc6Fd', 'duration_ms': 257147, 'time_signature': 4}",The Top 100 Tracks of 2013,Top 100 Tracks of 2013
Savages,1WFsBUAgQmrGQQEUyFKS60,She Will,345yzi3WeMTpMTl3Nyvjjk,Silence Yourself,2013-05-06,0,False,207.066,"{'danceability': 0.376, 'energy': 0.913, 'key': 7, 'loudness': -4.709, 'mode': 1, 'speechiness': 0.0563, 'acousticness': 0.000585, 'instrumentalness': 0.329, 'liveness': 0.185, 'valence': 0.404, 'tempo': 154.808, 'type': 'audio_features', 'id': '345yzi3WeMTpMTl3Nyvjjk', 'uri': 'spotify:track:345yzi3WeMTpMTl3Nyvjjk', 'track_href': 'https://api.spotify.com/v1/tracks/345yzi3WeMTpMTl3Nyvjjk', 'analysis_url': 'https://api.spotify.com/v1/audio-analysis/345yzi3WeMTpMTl3Nyvjjk', 'duration_ms': 207067, 'time_signature': 4}",The Top 100 Tracks of 2013,Top 100 Tracks of 2013
Daft Punk,4tZwfgrHOc3mvqYlEYSvVi,Touch (feat. Paul Williams),7oaEjLP2dTJLJsITbAxTOz,Random Access Memories,2013-05-20,58,False,498.96,"{'danceability': 0.29, 'energy': 0.412, 'key': 6, 'loudness': -12.659, 'mode': 0, 'speechiness': 0.0458, 'acousticness': 0.477, 'instrumentalness': 0.0839, 'liveness': 0.079, 'valence': 0.12, 'tempo': 90.539, 'type': 'audio_features', 'id': '7oaEjLP2dTJLJsITbAxTOz', 'uri': 'spotify:track:7oaEjLP2dTJLJsITbAxTOz', 'track_href': 'https://api.spotify.com/v1/tracks/7oaEjLP2dTJLJsITbAxTOz', 'analysis_url': 'https://api.spotify.com/v1/audio-analysis/7oaEjLP2dTJLJsITbAxTOz', 'duration_ms': 498960, 'time_signature': 4}",The Top 100 Tracks of 2013,Top 100 Tracks of 2013
Lorde,163tK9Wjr9P9DmM0AVK7lm,Royals,7BFI9QZPQKgYuR2HhDgwbG,Pure Heroine (Extended),2013-01-01,0,False,190.185,"{'danceability': 0.674, 'energy': 0.428, 'key': 7, 'loudness': -9.504, 'mode': 1, 'speechiness': 0.122, 'acousticness': 0.121, 'instrumentalness': 0, 'liveness': 0.132, 'valence': 0.337, 'tempo': 84.878, 'type': 'audio_features', 'id': '7BFI9QZPQKgYuR2HhDgwbG', 'uri': 'spotify:track:7BFI9QZPQKgYuR2HhDgwbG', 'track_href': 'https://api.spotify.com/v1/tracks/7BFI9QZPQKgYuR2HhDgwbG', 'analysis_url': 'https://api.spotify.com/v1/audio-analysis/7BFI9QZPQKgYuR2HhDgwbG', 'duration_ms': 190185, 'time_signature': 4}",The Top 100 Tracks of 2013,Top 100 Tracks of 2013
Disclosure,6nS5roXSAGhTGr34W6n7Et,White Noise,1wap9wHVL6wzhmQOuyhwMH,Settle,2013-01-01,0,False,277.687,"{'danceability': 0.665, 'energy': 0.844, 'key': 10, 'loudness': -6.164, 'mode': 0, 'speechiness': 0.0501, 'acousticness': 0.00963, 'instrumentalness': 0.000215, 'liveness': 0.311, 'valence': 0.902, 'tempo': 119.978, 'type': 'audio_features', 'id': '1wap9wHVL6wzhmQOuyhwMH', 'uri': 'spotify:track:1wap9wHVL6wzhmQOuyhwMH', 'track_href': 'https://api.spotify.com/v1/tracks/1wap9wHVL6wzhmQOuyhwMH', 'analysis_url': 'https://api.spotify.com/v1/audio-analysis/1wap9wHVL6wzhmQOuyhwMH', 'duration_ms': 277688, 'time_signature': 4}",The Top 100 Tracks of 2013,Top 100 Tracks of 2013
HAIM,4Ui2kfOqGujY81UcPrb5KE,Falling,5wL742yBgvtbw1IibA3FMJ,Days Are Gone,2013-09-30,46,False,257.733,"{'danceability': 0.741, 'energy': 0.894, 'key': 2, 'loudness': -5.648, 'mode': 1, 'speechiness': 0.069, 'acousticness': 0.076, 'instrumentalness': 4.89e-05, 'liveness': 0.0835, 'valence': 0.297, 'tempo': 111.969, 'type': 'audio_features', 'id': '5wL742yBgvtbw1IibA3FMJ', 'uri': 'spotify:track:5wL742yBgvtbw1IibA3FMJ', 'track_href': 'https://api.spotify.com/v1/tracks/5wL742yBgvtbw1IibA3FMJ', 'analysis_url': 'https://api.spotify.com/v1/audio-analysis/5wL742yBgvtbw1IibA3FMJ', 'duration_ms': 257733, 'time_signature': 4}",The Top 100 Tracks of 2013,Top 100 Tracks of 2013
A$AP Rocky,13ubrt8QOOCPljQ2FL1Kca,"F**kin' Problems (feat. Drake, 2 Chainz & Kendrick Lamar)",4XoP1AkbOurU9CeZ2rMEz2,LONG.LIVE.A$AP (Deluxe Version),2013-01-11,0,True,233.786,"{'danceability': 0.869, 'energy': 0.687, 'key': 1, 'loudness': -6.816, 'mode': 1, 'speechiness': 0.263, 'acousticness': 0.0208, 'instrumentalness': 1e-06, 'liveness': 0.114, 'valence': 0.668, 'tempo': 96.006, 'type': 'audio_features', 'id': '4XoP1AkbOurU9CeZ2rMEz2', 'uri': 'spotify:track:4XoP1AkbOurU9CeZ2rMEz2', 'track_href': 'https://api.spotify.com/v1/tracks/4XoP1AkbOurU9CeZ2rMEz2', 'analysis_url': 'https://api.spotify.com/v1/audio-analysis/4XoP1AkbOurU9CeZ2rMEz2', 'duration_ms': 233787, 'time_signature': 4}",The Top 100 Tracks of 2013,Top 100 Tracks of 2013
Rhye,2AcUPzkVWo81vumdzeLLRN,Open,3JsA2sWDNR9oQogGAzqqtH,Woman,2013-01-01,60,False,217.053,"{'danceability': 0.551, 'energy': 0.324, 'key': 0, 'loudness': -10.962, 'mode': 1, 'speechiness': 0.0314, 'acousticness': 0.896, 'instrumentalness': 0.0873, 'liveness': 0.277, 'valence': 0.231, 'tempo': 90.957, 'type': 'audio_features', 'id': '3JsA2sWDNR9oQogGAzqqtH', 'uri': 'spotify:track:3JsA2sWDNR9oQogGAzqqtH', 'track_href': 'https://api.spotify.com/v1/tracks/3JsA2sWDNR9oQogGAzqqtH', 'analysis_url': 'https://api.spotify.com/v1/audio-analysis/3JsA2sWDNR9oQogGAzqqtH', 'duration_ms': 217053, 'time_signature': 4}",The Top 100 Tracks of 2013,Top 100 Tracks of 2013
Migos,6oMuImdp5ZcFhWP0ESe6mG,Versace,6xhblLundMJAiG9jF7nlxs,Young Rich N*ggas,2013-07-09,43,True,195.474,"{'danceability': 0.841, 'energy': 0.729, 'key': 6, 'loudness': -3.047, 'mode': 0, 'speechiness': 0.239, 'acousticness': 0.0384, 'instrumentalness': 0, 'liveness': 0.276, 'valence': 0.444, 'tempo': 132.073, 'type': 'audio_features', 'id': '6xhblLundMJAiG9jF7nlxs', 'uri': 'spotify:track:6xhblLundMJAiG9jF7nlxs', 'track_href': 'https://api.spotify.com/v1/tracks/6xhblLundMJAiG9jF7nlxs', 'analysis_url': 'https://api.spotify.com/v1/audio-analysis/6xhblLundMJAiG9jF7nlxs', 'duration_ms': 195474, 'time_signature': 4}",The Top 100 Tracks of 2013,Top 100 Tracks of 2013
Waxahatchee,5IWCU0V9evBlW4gIeGY4zF,Swan Dive,7cdiYYXnr58FReNx8gAGiA,Cerulean Salt,2013-03-05,0,False,194.861,"{'danceability': 0.529, 'energy': 0.541, 'key': 1, 'loudness': -8.875, 'mode': 1, 'speechiness': 0.0256, 'acousticness': 0.787, 'instrumentalness': 0.000742, 'liveness': 0.144, 'valence': 0.328, 'tempo': 140.028, 'type': 'audio_features', 'id': '7cdiYYXnr58FReNx8gAGiA', 'uri': 'spotify:track:7cdiYYXnr58FReNx8gAGiA', 'track_href': 'https://api.spotify.com/v1/tracks/7cdiYYXnr58FReNx8gAGiA', 'analysis_url': 'https://api.spotify.com/v1/audio-analysis/7cdiYYXnr58FReNx8gAGiA', 'duration_ms': 194862, 'time_signature': 4}",The Top 100 Tracks of 2013,Top 100 Tracks of 2013
Kanye West,5K4W6rqBFWDnAN6FQUkS6x,Bound 2,3sNVsP50132BTNlImLx70i,Yeezus,2013-06-18,84,True,229.146,"{'danceability': 0.367, 'energy': 0.665, 'key': 1, 'loudness': -2.821, 'mode': 1, 'speechiness': 0.0465, 'acousticness': 0.145, 'instrumentalness': 0, 'liveness': 0.113, 'valence': 0.31, 'tempo': 148.913, 'type': 'audio_features', 'id': '3sNVsP50132BTNlImLx70i', 'uri': 'spotify:track:3sNVsP50132BTNlImLx70i', 'track_href': 'https://api.spotify.com/v1/tracks/3sNVsP50132BTNlImLx70i', 'analysis_url': 'https://api.spotify.com/v1/audio-analysis/3sNVsP50132BTNlImLx70i', 'duration_ms': 229147, 'time_signature': 4}",The Top 100 Tracks of 2013,Top 100 Tracks of 2013
Janelle Mon√°e,6ueGR6SWhUJfvEhqkvMsVs,Primetime (feat. Miguel),5dzV75f9qVXVvdXLTqIG4L,The Electric Lady,2013-09-06,51,False,280.08,"{'danceability': 0.667, 'energy': 0.465, 'key': 8, 'loudness': -8.096, 'mode': 1, 'speechiness': 0.0339, 'acousticness': 0.0426, 'instrumentalness': 0.00649, 'liveness': 0.465, 'valence': 0.34, 'tempo': 123.883, 'type': 'audio_features', 'id': '5dzV75f9qVXVvdXLTqIG4L', 'uri': 'spotify:track:5dzV75f9qVXVvdXLTqIG4L', 'track_href': 'https://api.spotify.com/v1/tracks/5dzV75f9qVXVvdXLTqIG4L', 'analysis_url': 'https://api.spotify.com/v1/audio-analysis/5dzV75f9qVXVvdXLTqIG4L', 'duration_ms': 280080, 'time_signature': 4}",The Top 100 Tracks of 2013,Top 100 Tracks of 2013
Todd Terje,49gaZqfow2v8EEQmjGyEIw,Strandbar (disko),5rOSnlIF9FAsDiMsXdq3io,Strandbar,2013-06-12,0,False,527.704,"{'danceability': 0.81, 'energy': 0.949, 'key': 2, 'loudness': -8.732, 'mode': 1, 'speechiness': 0.0428, 'acousticness': 0.0543, 'instrumentalness': 0.957, 'liveness': 0.155, 'valence': 0.787, 'tempo': 121.971, 'type': 'audio_features', 'id': '5rOSnlIF9FAsDiMsXdq3io', 'uri': 'spotify:track:5rOSnlIF9FAsDiMsXdq3io', 'track_href': 'https://api.spotify.com/v1/tracks/5rOSnlIF9FAsDiMsXdq3io', 'analysis_url': 'https://api.spotify.com/v1/audio-analysis/5rOSnlIF9FAsDiMsXdq3io', 'duration_ms': 527705, 'time_signature': 4}",The Top 100 Tracks of 2013,Top 100 Tracks of 2013
FKA twigs,6nB0iY1cjSY1KyhYyuIIKH,Water Me,60MP5Sx3e6OGVEBEDfKREv,EP2,2013-09-17,0,False,204.736,"{'danceability': 0.476, 'energy': 0.452, 'key': 10, 'loudness': -10.761, 'mode': 0, 'speechiness': 0.0984, 'acousticness': 0.655, 'instrumentalness': 0.04, 'liveness': 0.141, 'valence': 0.197, 'tempo': 120.287, 'type': 'audio_features', 'id': '60MP5Sx3e6OGVEBEDfKREv', 'uri': 'spotify:track:60MP5Sx3e6OGVEBEDfKREv', 'track_href': 'https://api.spotify.com/v1/tracks/60MP5Sx3e6OGVEBEDfKREv', 'analysis_url': 'https://api.spotify.com/v1/audio-analysis/60MP5Sx3e6OGVEBEDfKREv', 'duration_ms': 204737, 'time_signature': 4}",The Top 100 Tracks of 2013,Top 100 Tracks of 2013
Parquet Courts,23NIwARd4vPbxt3wwNnJ6k,Stoned and Starving,5arEzEZYYPvpStxg7hi9yr,Light Up Gold + Tally All The Things That You Broke,2013-10-08,0,False,311.68,"{'danceability': 0.237, 'energy': 0.89, 'key': 5, 'loudness': -7.445, 'mode': 1, 'speechiness': 0.0599, 'acousticness': 0.268, 'instrumentalness': 0.843, 'liveness': 0.122, 'valence': 0.306, 'tempo': 169.792, 'type': 'audio_features', 'id': '5arEzEZYYPvpStxg7hi9yr', 'uri': 'spotify:track:5arEzEZYYPvpStxg7hi9yr', 'track_href': 'https://api.spotify.com/v1/tracks/5arEzEZYYPvpStxg7hi9yr', 'analysis_url': 'https://api.spotify.com/v1/audio-analysis/5arEzEZYYPvpStxg7hi9yr', 'duration_ms': 311680, 'time_signature': 4}",The Top 100 Tracks of 2013,Top 100 Tracks of 2013
Glass Candy,7atGlyFY5574ph1tGMs6gD,Warm In The Winter,0CPptNVtkXTEftjCjHAe3d,After Dark 2,2013-05-17,0,False,405.213,"{'danceability': 0.57, 'energy': 0.742, 'key': 6, 'loudness': -12.475, 'mode': 1, 'speechiness': 0.0366, 'acousticness': 0.0392, 'instrumentalness': 0.177, 'liveness': 0.0993, 'valence': 0.0388, 'tempo': 127.193, 'type': 'audio_features', 'id': '0CPptNVtkXTEftjCjHAe3d', 'uri': 'spotify:track:0CPptNVtkXTEftjCjHAe3d', 'track_href': 'https://api.spotify.com/v1/tracks/0CPptNVtkXTEftjCjHAe3d', 'analysis_url': 'https://api.spotify.com/v1/audio-analysis/0CPptNVtkXTEftjCjHAe3d', 'duration_ms': 405213, 'time_signature': 4}",The Top 100 Tracks of 2013,Top 100 Tracks of 2013
A$AP Ferg,5dHt1vcEm9qb8fCyLcB3HL,Hood Pope,1XItJ0hLAnMxGB0Ibkta72,Trap Lord,2013-08-19,39,True,210.746,"{'danceability': 0.731, 'energy': 0.631, 'key': 9, 'loudness': -7.006, 'mode': 1, 'speechiness': 0.155, 'acousticness': 0.106, 'instrumentalness': 0, 'liveness': 0.22, 'valence': 0.513, 'tempo': 131.977, 'type': 'audio_features', 'id': '1XItJ0hLAnMxGB0Ibkta72', 'uri': 'spotify:track:1XItJ0hLAnMxGB0Ibkta72', 'track_href': 'https://api.spotify.com/v1/tracks/1XItJ0hLAnMxGB0Ibkta72', 'analysis_url': 'https://api.spotify.com/v1/audio-analysis/1XItJ0hLAnMxGB0Ibkta72', 'duration_ms': 210747, 'time_signature': 4}",The Top 100 Tracks of 2013,Top 100 Tracks of 2013
DJ Rashad,4zGBj9dI63YIWmZkPl3o7V,Let It Go,6gRYypBxYM9TCm9fiFUipQ,Rollin EP,2013-03-18,0,False,336.903,"{'danceability': 0.554, 'energy': 0.685, 'key': 5, 'loudness': -4.794, 'mode': 0, 'speechiness': 0.267, 'acousticness': 0.00201, 'instrumentalness': 0.903, 'liveness': 0.113, 'valence': 0.418, 'tempo': 119.818, 'type': 'audio_features', 'id': '6gRYypBxYM9TCm9fiFUipQ', 'uri': 'spotify:track:6gRYypBxYM9TCm9fiFUipQ', 'track_href': 'https://api.spotify.com/v1/tracks/6gRYypBxYM9TCm9fiFUipQ', 'analysis_url': 'https://api.spotify.com/v1/audio-analysis/6gRYypBxYM9TCm9fiFUipQ', 'duration_ms': 336903, 'time_signature': 3}",The Top 100 Tracks of 2013,Top 100 Tracks of 2013
Pusha T,0ONHkAv9pCAFxb0zJwDNTy,Numbers On The Boards,5243RHbTTd4oci9YjktHBW,My Name Is My Name,2013-01-01,0,True,163.586,"{'danceability': 0.807, 'energy': 0.556, 'key': 0, 'loudness': -5.539, 'mode': 0, 'speechiness': 0.119, 'acousticness': 0.157, 'instrumentalness': 0, 'liveness': 0.0906, 'valence': 0.383, 'tempo': 87.852, 'type': 'audio_features', 'id': '5243RHbTTd4oci9YjktHBW', 'uri': 'spotify:track:5243RHbTTd4oci9YjktHBW', 'track_href': 'https://api.spotify.com/v1/tracks/5243RHbTTd4oci9YjktHBW', 'analysis_url': 'https://api.spotify.com/v1/audio-analysis/5243RHbTTd4oci9YjktHBW', 'duration_ms': 163587, 'time_signature': 4}",The Top 100 Tracks of 2013,Top 100 Tracks of 2013
Courtney Barnett,4OOlG5eBXSkSAAEeKjJb5Y,Avant Gardener,0p3gfzZDrwmxIUndskipPn,The Double EP: A Sea of Split Peas,2013-10-14,0,False,312.226,"{'danceability': 0.443, 'energy': 0.737, 'key': 0, 'loudness': -4.509, 'mode': 1, 'speechiness': 0.0293, 'acousticness': 0.00149, 'instrumentalness': 0.0032, 'liveness': 0.121, 'valence': 0.746, 'tempo': 115.277, 'type': 'audio_features', 'id': '0p3gfzZDrwmxIUndskipPn', 'uri': 'spotify:track:0p3gfzZDrwmxIUndskipPn', 'track_href': 'https://api.spotify.com/v1/tracks/0p3gfzZDrwmxIUndskipPn', 'analysis_url': 'https://api.spotify.com/v1/audio-analysis/0p3gfzZDrwmxIUndskipPn', 'duration_ms': 312227, 'time_signature': 4}",The Top 100 Tracks of 2013,Top 100 Tracks of 2013
Phosphorescent,57kIMCLPgkzQlXjblX7XXP,Song For Zula,3kNIT46kJETBqTOonIizoE,Muchacho de Lujo [Deluxe Edition],2013-10-25,0,False,370.2,"{'danceability': 0.478, 'energy': 0.619, 'key': 4, 'loudness': -8.216, 'mode': 1, 'speechiness': 0.0376, 'acousticness': 0.731, 'instrumentalness': 0.496, 'liveness': 0.0518, 'valence': 0.5, 'tempo': 86.005, 'type': 'audio_features', 'id': '3kNIT46kJETBqTOonIizoE', 'uri': 'spotify:track:3kNIT46kJETBqTOonIizoE', 'track_href': 'https://api.spotify.com/v1/tracks/3kNIT46kJETBqTOonIizoE', 'analysis_url': 'https://api.spotify.com/v1/audio-analysis/3kNIT46kJETBqTOonIizoE', 'duration_ms': 370200, 'time_signature': 4}",The Top 100 Tracks of 2013,Top 100 Tracks of 2013
Arcade Fire,3kjuyTCjPG1WMFCiyc5IuB,Afterlife,6D43oUO6nImERk2psfXdNY,Reflektor,2013-01-01,0,False,352.754,"{'danceability': 0.638, 'energy': 0.873, 'key': 11, 'loudness': -5.545, 'mode': 1, 'speechiness': 0.0363, 'acousticness': 0.0943, 'instrumentalness': 0.0395, 'liveness': 0.226, 'valence': 0.682, 'tempo': 115.95, 'type': 'audio_features', 'id': '6D43oUO6nImERk2psfXdNY', 'uri': 'spotify:track:6D43oUO6nImERk2psfXdNY', 'track_href': 'https://api.spotify.com/v1/tracks/6D43oUO6nImERk2psfXdNY', 'analysis_url': 'https://api.spotify.com/v1/audio-analysis/6D43oUO6nImERk2psfXdNY', 'duration_ms': 352755, 'time_signature': 4}",The Top 100 Tracks of 2013,Top 100 Tracks of 2013
Pharmakon,1ix1aDOd7GSOeT9iqNh5KO,Crawling on Bruised Knees,4d47ysADteEGXilG5v1ARL,Abandon,2013-05-14,0,False,395.275,"{'danceability': 0.773, 'energy': 0.61, 'key': 5, 'loudness': -9.271, 'mode': 0, 'speechiness': 0.0421, 'acousticness': 0.571, 'instrumentalness': 0.878, 'liveness': 0.112, 'valence': 0.069, 'tempo': 120.189, 'type': 'audio_features', 'id': '4d47ysADteEGXilG5v1ARL', 'uri': 'spotify:track:4d47ysADteEGXilG5v1ARL', 'track_href': 'https://api.spotify.com/v1/tracks/4d47ysADteEGXilG5v1ARL', 'analysis_url': 'https://api.spotify.com/v1/audio-analysis/4d47ysADteEGXilG5v1ARL', 'duration_ms': 395276, 'time_signature': 4}",The Top 100 Tracks of 2013,Top 100 Tracks of 2013
Deerhunter,38zTZcuN7nFvVJ6auhc6V3,Monomania,3JGsaisoK7hmvvT9v6gcFY,Monomania,2013-05-06,0,False,319.135,"{'danceability': 0.337, 'energy': 0.867, 'key': 9, 'loudness': -5.231, 'mode': 1, 'speechiness': 0.0565, 'acousticness': 8.36e-05, 'instrumentalness': 0.907, 'liveness': 0.401, 'valence': 0.336, 'tempo': 122.279, 'type': 'audio_features', 'id': '3JGsaisoK7hmvvT9v6gcFY', 'uri': 'spotify:track:3JGsaisoK7hmvvT9v6gcFY', 'track_href': 'https://api.spotify.com/v1/tracks/3JGsaisoK7hmvvT9v6gcFY', 'analysis_url': 'https://api.spotify.com/v1/audio-analysis/3JGsaisoK7hmvvT9v6gcFY', 'duration_ms': 319135, 'time_signature': 4}",The Top 100 Tracks of 2013,Top 100 Tracks of 2013
Rich Homie Quan,5lHRUCqkQZCIWeX7xG4sYT,Type of Way,6nu35hLc8zsA9bwBpcuf5L,Still Goin In - Reloaded,2013-04-30,56,True,261.32,"{'danceability': 0.85, 'energy': 0.509, 'key': 6, 'loudness': -9.637, 'mode': 0, 'speechiness': 0.378, 'acousticness': 0.147, 'instrumentalness': 0, 'liveness': 0.0759, 'valence': 0.763, 'tempo': 134.9, 'type': 'audio_features', 'id': '6nu35hLc8zsA9bwBpcuf5L', 'uri': 'spotify:track:6nu35hLc8zsA9bwBpcuf5L', 'track_href': 'https://api.spotify.com/v1/tracks/6nu35hLc8zsA9bwBpcuf5L', 'analysis_url': 'https://api.spotify.com/v1/audio-analysis/6nu35hLc8zsA9bwBpcuf5L', 'duration_ms': 261321, 'time_signature': 4}",The Top 100 Tracks of 2013,Top 100 Tracks of 2013
Justin Timberlake,31TPClRtHm23RisEBtV3X7,Mirrors,2RbxZaE8C56M2SacE73bod,The 20/20 Experience - The Complete Experience,2013-09-27,0,False,484.146,"{'danceability': 0.574, 'energy': 0.512, 'key': 5, 'loudness': -6.664, 'mode': 0, 'speechiness': 0.0503, 'acousticness': 0.234, 'instrumentalness': 0, 'liveness': 0.0946, 'valence': 0.512, 'tempo': 76.899, 'type': 'audio_features', 'id': '2RbxZaE8C56M2SacE73bod', 'uri': 'spotify:track:2RbxZaE8C56M2SacE73bod', 'track_href': 'https://api.spotify.com/v1/tracks/2RbxZaE8C56M2SacE73bod', 'analysis_url': 'https://api.spotify.com/v1/audio-analysis/2RbxZaE8C56M2SacE73bod', 'duration_ms': 484147, 'time_signature': 4}",The Top 100 Tracks of 2013,Top 100 Tracks of 2013
Chief Keef,15iVAtD3s3FsQR4w1v6M0P,Citgo,6rzOjBdVrmeBTnQQdyPuL7,Finally Rich (Deluxe),2012-01-01,0,True,193.546,"{'danceability': 0.675, 'energy': 0.486, 'key': 10, 'loudness': -7.397, 'mode': 0, 'speechiness': 0.0482, 'acousticness': 0.595, 'instrumentalness': 0, 'liveness': 0.1, 'valence': 0.414, 'tempo': 140.073, 'type': 'audio_features', 'id': '6rzOjBdVrmeBTnQQdyPuL7', 'uri': 'spotify:track:6rzOjBdVrmeBTnQQdyPuL7', 'track_href': 'https://api.spotify.com/v1/tracks/6rzOjBdVrmeBTnQQdyPuL7', 'analysis_url': 'https://api.spotify.com/v1/audio-analysis/6rzOjBdVrmeBTnQQdyPuL7', 'duration_ms': 193547, 'time_signature': 4}",The Top 100 Tracks of 2013,Top 100 Tracks of 2013
Classixx,0vUTfcBDZZo2OUQJci5UNZ,All You're Waiting For - feat. Nancy Whang,3FaMGJuSg7UpGSd5zzRGdO,Hanging Gardens,2013-05-14,0,False,257.213,"{'danceability': 0.798, 'energy': 0.688, 'key': 10, 'loudness': -5.845, 'mode': 0, 'speechiness': 0.0443, 'acousticness': 0.0544, 'instrumentalness': 0.0345, 'liveness': 0.0585, 'valence': 0.731, 'tempo': 121.977, 'type': 'audio_features', 'id': '3FaMGJuSg7UpGSd5zzRGdO', 'uri': 'spotify:track:3FaMGJuSg7UpGSd5zzRGdO', 'track_href': 'https://api.spotify.com/v1/tracks/3FaMGJuSg7UpGSd5zzRGdO', 'analysis_url': 'https://api.spotify.com/v1/audio-analysis/3FaMGJuSg7UpGSd5zzRGdO', 'duration_ms': 257213, 'time_signature': 4}",The Top 100 Tracks of 2013,Top 100 Tracks of 2013
Sky Ferreira,7pyhre5oEEFMqcgMEvJY7q,Nobody Asked Me (If I Was Okay),0UOQdxiWOMJDAw8AHSslDr,"Night Time, My Time",2013-01-01,36,False,245.866,"{'danceability': 0.477, 'energy': 0.938, 'key': 2, 'loudness': -4.35, 'mode': 1, 'speechiness': 0.0816, 'acousticness': 1.77e-05, 'instrumentalness': 0.000718, 'liveness': 0.558, 'valence': 0.409, 'tempo': 137.981, 'type': 'audio_features', 'id': '0UOQdxiWOMJDAw8AHSslDr', 'uri': 'spotify:track:0UOQdxiWOMJDAw8AHSslDr', 'track_href': 'https://api.spotify.com/v1/tracks/0UOQdxiWOMJDAw8AHSslDr', 'analysis_url': 'https://api.spotify.com/v1/audio-analysis/0UOQdxiWOMJDAw8AHSslDr', 'duration_ms': 245867, 'time_signature': 4}",The Top 100 Tracks of 2013,Top 100 Tracks of 2013
Majical Cloudz,4BEYBN6NCPrFk3sOLMTby3,Bugs Don't Buzz,766LNgr31zKYcFsZ51hSE7,Impersonator,2013-05-20,0,False,201.576,"{'danceability': 0.362, 'energy': 0.252, 'key': 9, 'loudness': -10.399, 'mode': 0, 'speechiness': 0.0307, 'acousticness': 0.887, 'instrumentalness': 0.174, 'liveness': 0.124, 'valence': 0.0546, 'tempo': 120.678, 'type': 'audio_features', 'id': '766LNgr31zKYcFsZ51hSE7', 'uri': 'spotify:track:766LNgr31zKYcFsZ51hSE7', 'track_href': 'https://api.spotify.com/v1/tracks/766LNgr31zKYcFsZ51hSE7', 'analysis_url': 'https://api.spotify.com/v1/audio-analysis/766LNgr31zKYcFsZ51hSE7', 'duration_ms': 201576, 'time_signature': 3}",The Top 100 Tracks of 2013,Top 100 Tracks of 2013
Charli XCX,25uiPmTg16RbhZWAqwLBy5,You - Ha Ha Ha,6Eiu7cflRNm6pCSSo1XeE1,True Romance,2013-04-12,35,True,186.579,"{'danceability': 0.5, 'energy': 0.902, 'key': 1, 'loudness': -4.67, 'mode': 0, 'speechiness': 0.0718, 'acousticness': 0.000742, 'instrumentalness': 0.137, 'liveness': 0.164, 'valence': 0.619, 'tempo': 91.059, 'type': 'audio_features', 'id': '6Eiu7cflRNm6pCSSo1XeE1', 'uri': 'spotify:track:6Eiu7cflRNm6pCSSo1XeE1', 'track_href': 'https://api.spotify.com/v1/tracks/6Eiu7cflRNm6pCSSo1XeE1', 'analysis_url': 'https://api.spotify.com/v1/audio-analysis/6Eiu7cflRNm6pCSSo1XeE1', 'duration_ms': 186579, 'time_signature': 4}",The Top 100 Tracks of 2013,Top 100 Tracks of 2013
Vampire Weekend,5BvJzeQpmsdsFp4HGUYUEx,Ya Hey,4eE6vZ2vOrceLq4xgz3VmG,Modern Vampires of the City,2013-05-27,0,False,312.653,"{'danceability': 0.584, 'energy': 0.65, 'key': 11, 'loudness': -6.481, 'mode': 1, 'speechiness': 0.0427, 'acousticness': 0.179, 'instrumentalness': 0.000283, 'liveness': 0.0935, 'valence': 0.491, 'tempo': 92.01, 'type': 'audio_features', 'id': '4eE6vZ2vOrceLq4xgz3VmG', 'uri': 'spotify:track:4eE6vZ2vOrceLq4xgz3VmG', 'track_href': 'https://api.spotify.com/v1/tracks/4eE6vZ2vOrceLq4xgz3VmG', 'analysis_url': 'https://api.spotify.com/v1/audio-analysis/4eE6vZ2vOrceLq4xgz3VmG', 'duration_ms': 312653, 'time_signature': 4}",The Top 100 Tracks of 2013,Top 100 Tracks of 2013
Young Galaxy,5xfJLyvC5UElVSiMuLt1ss,Pretty Boy (Peaking Lights Remix),1Krbf9vb5ajEEL5zzye4aL,Pretty Boy,2013-02-05,9,False,398.569,"{'danceability': 0.56, 'energy': 0.959, 'key': 2, 'loudness': -7.977, 'mode': 1, 'speechiness': 0.0361, 'acousticness': 0.000172, 'instrumentalness': 0.785, 'liveness': 0.0985, 'valence': 0.194, 'tempo': 124.976, 'type': 'audio_features', 'id': '1Krbf9vb5ajEEL5zzye4aL', 'uri': 'spotify:track:1Krbf9vb5ajEEL5zzye4aL', 'track_href': 'https://api.spotify.com/v1/tracks/1Krbf9vb5ajEEL5zzye4aL', 'analysis_url': 'https://api.spotify.com/v1/audio-analysis/1Krbf9vb5ajEEL5zzye4aL', 'duration_ms': 398569, 'time_signature': 4}",The Top 100 Tracks of 2013,Top 100 Tracks of 2013
Robin Thicke,0ZrpamOxcZybMHGg1AYtHP,Blurred Lines,0n4bITAu0Y0nigrz3MFJMb,Blurred Lines (Deluxe),2013-01-01,76,True,263.826,"{'danceability': 0.853, 'energy': 0.599, 'key': 7, 'loudness': -4.756, 'mode': 1, 'speechiness': 0.0411, 'acousticness': 0.00334, 'instrumentalness': 7.93e-06, 'liveness': 0.0759, 'valence': 0.843, 'tempo': 119.993, 'type': 'audio_features', 'id': '0n4bITAu0Y0nigrz3MFJMb', 'uri': 'spotify:track:0n4bITAu0Y0nigrz3MFJMb', 'track_href': 'https://api.spotify.com/v1/tracks/0n4bITAu0Y0nigrz3MFJMb', 'analysis_url': 'https://api.spotify.com/v1/audio-analysis/0n4bITAu0Y0nigrz3MFJMb', 'duration_ms': 263827, 'time_signature': 4}",The Top 100 Tracks of 2013,Top 100 Tracks of 2013
Daft Punk,4tZwfgrHOc3mvqYlEYSvVi,Doin' it Right (feat. Panda Bear),36c4JohayB9qd64eidQMBi,Random Access Memories,2013-05-20,61,False,251.293,"{'danceability': 0.804, 'energy': 0.451, 'key': 6, 'loudness': -8.207, 'mode': 1, 'speechiness': 0.0949, 'acousticness': 0.388, 'instrumentalness': 2.17e-05, 'liveness': 0.0924, 'valence': 0.19, 'tempo': 178.061, 'type': 'audio_features', 'id': '36c4JohayB9qd64eidQMBi', 'uri': 'spotify:track:36c4JohayB9qd64eidQMBi', 'track_href': 'https://api.spotify.com/v1/tracks/36c4JohayB9qd64eidQMBi', 'analysis_url': 'https://api.spotify.com/v1/audio-analysis/36c4JohayB9qd64eidQMBi', 'duration_ms': 251293, 'time_signature': 4}",The Top 100 Tracks of 2013,Top 100 Tracks of 2013
Kurt Vile,5gspAQIAH8nJUrMYgXjCJ2,Goldtone,0GId0tgfPF8DSWRs3Z5k6K,Wakin On A Pretty Daze,2013-04-08,0,False,625.733,"{'danceability': 0.586, 'energy': 0.66, 'key': 9, 'loudness': -8.177, 'mode': 1, 'speechiness': 0.0235, 'acousticness': 0.179, 'instrumentalness': 0.803, 'liveness': 0.151, 'valence': 0.516, 'tempo': 100.977, 'type': 'audio_features', 'id': '0GId0tgfPF8DSWRs3Z5k6K', 'uri': 'spotify:track:0GId0tgfPF8DSWRs3Z5k6K', 'track_href': 'https://api.spotify.com/v1/tracks/0GId0tgfPF8DSWRs3Z5k6K', 'analysis_url': 'https://api.spotify.com/v1/audio-analysis/0GId0tgfPF8DSWRs3Z5k6K', 'duration_ms': 625733, 'time_signature': 4}",The Top 100 Tracks of 2013,Top 100 Tracks of 2013
2 Chainz,17lzZA2AlOHwCwFALHttmp,Feds Watching,3bYdulyFmlRTB7AsHsomVg,Feds Watching,2013-01-01,0,True,250.52,"{'danceability': 0.789, 'energy': 0.869, 'key': 7, 'loudness': -6.594, 'mode': 1, 'speechiness': 0.102, 'acousticness': 0.0402, 'instrumentalness': 0, 'liveness': 0.295, 'valence': 0.752, 'tempo': 139.986, 'type': 'audio_features', 'id': '3bYdulyFmlRTB7AsHsomVg', 'uri': 'spotify:track:3bYdulyFmlRTB7AsHsomVg', 'track_href': 'https://api.spotify.com/v1/tracks/3bYdulyFmlRTB7AsHsomVg', 'analysis_url': 'https://api.spotify.com/v1/audio-analysis/3bYdulyFmlRTB7AsHsomVg', 'duration_ms': 250520, 'time_signature': 4}",The Top 100 Tracks of 2013,Top 100 Tracks of 2013
Neko Case,4Cedjq5BQL3MhapRvDpFED,Man,492YZblVU9iBCWKsH60sWP,"The Worse Things Get, The Harder I Fight, The Harder I Fight, The More I Love You [Deluxe Edition]",2013-08-30,0,False,211.253,"{'danceability': 0.346, 'energy': 0.887, 'key': 0, 'loudness': -7.187, 'mode': 0, 'speechiness': 0.0845, 'acousticness': 0.000115, 'instrumentalness': 7.35e-05, 'liveness': 0.138, 'valence': 0.273, 'tempo': 151.116, 'type': 'audio_features', 'id': '492YZblVU9iBCWKsH60sWP', 'uri': 'spotify:track:492YZblVU9iBCWKsH60sWP', 'track_href': 'https://api.spotify.com/v1/tracks/492YZblVU9iBCWKsH60sWP', 'analysis_url': 'https://api.spotify.com/v1/audio-analysis/492YZblVU9iBCWKsH60sWP', 'duration_ms': 211253, 'time_signature': 4}",The Top 100 Tracks of 2013,Top 100 Tracks of 2013
Arctic Monkeys,7Ln80lUS6He07XvHI8qqHH,Do I Wanna Know?,3jfr0TF6DQcOLat8gGn7E2,AM,2013-09-09,0,False,272.394,"{'danceability': 0.548, 'energy': 0.532, 'key': 5, 'loudness': -7.596, 'mode': 1, 'speechiness': 0.0323, 'acousticness': 0.186, 'instrumentalness': 0.000263, 'liveness': 0.217, 'valence': 0.405, 'tempo': 85.03, 'type': 'audio_features', 'id': '3jfr0TF6DQcOLat8gGn7E2', 'uri': 'spotify:track:3jfr0TF6DQcOLat8gGn7E2', 'track_href': 'https://api.spotify.com/v1/tracks/3jfr0TF6DQcOLat8gGn7E2', 'analysis_url': 'https://api.spotify.com/v1/audio-analysis/3jfr0TF6DQcOLat8gGn7E2', 'duration_ms': 272394, 'time_signature': 4}",The Top 100 Tracks of 2013,Top 100 Tracks of 2013
DARKSIDE,2933wDUojoQmvqSdTAE5NB,The Only Shrine I've Seen,3OqHk2aXkEox1g11wBLKiE,Psychic,2013-10-04,0,False,475.907,"{'danceability': 0.69, 'energy': 0.347, 'key': 8, 'loudness': -14.577, 'mode': 0, 'speechiness': 0.0591, 'acousticness': 0.186, 'instrumentalness': 0.25, 'liveness': 0.252, 'valence': 0.0583, 'tempo': 124.034, 'type': 'audio_features', 'id': '3OqHk2aXkEox1g11wBLKiE', 'uri': 'spotify:track:3OqHk2aXkEox1g11wBLKiE', 'track_href': 'https://api.spotify.com/v1/tracks/3OqHk2aXkEox1g11wBLKiE', 'analysis_url': 'https://api.spotify.com/v1/audio-analysis/3OqHk2aXkEox1g11wBLKiE', 'duration_ms': 475908, 'time_signature': 4}",The Top 100 Tracks of 2013,Top 100 Tracks of 2013
M.I.A.,0QJIPDAEDILuo8AIq3pMuU,Come Walk With Me,5Nwa2c2YMqaOy4gCuNcxyT,Matangi,2013-01-01,27,True,283.506,"{'danceability': 0.517, 'energy': 0.883, 'key': 2, 'loudness': -3.716, 'mode': 1, 'speechiness': 0.0846, 'acousticness': 0.000549, 'instrumentalness': 0.0142, 'liveness': 0.509, 'valence': 0.152, 'tempo': 143.02, 'type': 'audio_features', 'id': '5Nwa2c2YMqaOy4gCuNcxyT', 'uri': 'spotify:track:5Nwa2c2YMqaOy4gCuNcxyT', 'track_href': 'https://api.spotify.com/v1/tracks/5Nwa2c2YMqaOy4gCuNcxyT', 'analysis_url': 'https://api.spotify.com/v1/audio-analysis/5Nwa2c2YMqaOy4gCuNcxyT', 'duration_ms': 283507, 'time_signature': 4}",The Top 100 Tracks of 2013,Top 100 Tracks of 2013
Youth Lagoon,1Z2KInfSmPOzAIYyiaXeti,Mute,0bxcQIRWAfqcpCts8PwfxL,Wondrous Bughouse,2013-03-05,0,False,358.56,"{'danceability': 0.152, 'energy': 0.767, 'key': 8, 'loudness': -6.482, 'mode': 1, 'speechiness': 0.0396, 'acousticness': 9.34e-05, 'instrumentalness': 0.813, 'liveness': 0.634, 'valence': 0.437, 'tempo': 142.094, 'type': 'audio_features', 'id': '0bxcQIRWAfqcpCts8PwfxL', 'uri': 'spotify:track:0bxcQIRWAfqcpCts8PwfxL', 'track_href': 'https://api.spotify.com/v1/tracks/0bxcQIRWAfqcpCts8PwfxL', 'analysis_url': 'https://api.spotify.com/v1/audio-analysis/0bxcQIRWAfqcpCts8PwfxL', 'duration_ms': 358560, 'time_signature': 4}",The Top 100 Tracks of 2013,Top 100 Tracks of 2013
Fuck Buttons,6tCENAD2FBfIMyygJMeOJV,Brainfreeze,1jsyXu3vcY14DLOg6jaEG3,Slow Focus,2013-07-23,14,False,513.574,"{'danceability': 0.35, 'energy': 0.814, 'key': 7, 'loudness': -4.64, 'mode': 0, 'speechiness': 0.0516, 'acousticness': 9.82e-06, 'instrumentalness': 0.963, 'liveness': 0.612, 'valence': 0.109, 'tempo': 145.999, 'type': 'audio_features', 'id': '1jsyXu3vcY14DLOg6jaEG3', 'uri': 'spotify:track:1jsyXu3vcY14DLOg6jaEG3', 'track_href': 'https://api.spotify.com/v1/tracks/1jsyXu3vcY14DLOg6jaEG3', 'analysis_url': 'https://api.spotify.com/v1/audio-analysis/1jsyXu3vcY14DLOg6jaEG3', 'duration_ms': 513575, 'time_signature': 4}",The Top 100 Tracks of 2013,Top 100 Tracks of 2013
Julia Holter,0bsV0sUjnCuCTYOnNHQl3E,Hello Stranger,6XasVeExOLeQqpZYwN9l1T,Loud City Song,2013-08-19,0,False,376.666,"{'danceability': 0.139, 'energy': 0.277, 'key': 0, 'loudness': -11.539, 'mode': 1, 'speechiness': 0.0363, 'acousticness': 0.403, 'instrumentalness': 0.172, 'liveness': 0.0792, 'valence': 0.103, 'tempo': 101.03, 'type': 'audio_features', 'id': '6XasVeExOLeQqpZYwN9l1T', 'uri': 'spotify:track:6XasVeExOLeQqpZYwN9l1T', 'track_href': 'https://api.spotify.com/v1/tracks/6XasVeExOLeQqpZYwN9l1T', 'analysis_url': 'https://api.spotify.com/v1/audio-analysis/6XasVeExOLeQqpZYwN9l1T', 'duration_ms': 376667, 'time_signature': 4}",The Top 100 Tracks of 2013,Top 100 Tracks of 2013
Mariah Carey,4iHNK0tOyZPYnBU7nGAgpQ,#Beautiful,3zt5ApnBLg9odHEDOd24IM,#Beautiful,2013-07-17,0,True,202.026,"{'danceability': 0.67, 'energy': 0.736, 'key': 4, 'loudness': -7.311, 'mode': 1, 'speechiness': 0.0374, 'acousticness': 0.518, 'instrumentalness': 3.07e-06, 'liveness': 0.171, 'valence': 0.503, 'tempo': 107.006, 'type': 'audio_features', 'id': '3zt5ApnBLg9odHEDOd24IM', 'uri': 'spotify:track:3zt5ApnBLg9odHEDOd24IM', 'track_href': 'https://api.spotify.com/v1/tracks/3zt5ApnBLg9odHEDOd24IM', 'analysis_url': 'https://api.spotify.com/v1/audio-analysis/3zt5ApnBLg9odHEDOd24IM', 'duration_ms': 202027, 'time_signature': 4}",The Top 100 Tracks of 2013,Top 100 Tracks of 2013
Omar Souleyman,11dMqVZY4PHgVL80tejvHK,Wenu Wenu,5OyYpPYWCkSXCziyKlkohA,Wenu Wenu,2013-08-02,0,False,420.773,"{'danceability': 0.593, 'energy': 0.873, 'key': 10, 'loudness': -7.466, 'mode': 1, 'speechiness': 0.0342, 'acousticness': 0.0168, 'instrumentalness': 0.0166, 'liveness': 0.106, 'valence': 0.84, 'tempo': 117.903, 'type': 'audio_features', 'id': '5OyYpPYWCkSXCziyKlkohA', 'uri': 'spotify:track:5OyYpPYWCkSXCziyKlkohA', 'track_href': 'https://api.spotify.com/v1/tracks/5OyYpPYWCkSXCziyKlkohA', 'analysis_url': 'https://api.spotify.com/v1/audio-analysis/5OyYpPYWCkSXCziyKlkohA', 'duration_ms': 420773, 'time_signature': 4}",The Top 100 Tracks of 2013,Top 100 Tracks of 2013
Disclosure,6nS5roXSAGhTGr34W6n7Et,Help Me Lose My Mind,175cWIYsv1G8WSHjSV0vue,Settle,2013-01-01,0,False,244.174,"{'danceability': 0.777, 'energy': 0.713, 'key': 5, 'loudness': -5.676, 'mode': 0, 'speechiness': 0.0557, 'acousticness': 0.0383, 'instrumentalness': 0.102, 'liveness': 0.0564, 'valence': 0.331, 'tempo': 109.032, 'type': 'audio_features', 'id': '175cWIYsv1G8WSHjSV0vue', 'uri': 'spotify:track:175cWIYsv1G8WSHjSV0vue', 'track_href': 'https://api.spotify.com/v1/tracks/175cWIYsv1G8WSHjSV0vue', 'analysis_url': 'https://api.spotify.com/v1/audio-analysis/175cWIYsv1G8WSHjSV0vue', 'duration_ms': 244174, 'time_signature': 4}",The Top 100 Tracks of 2013,Top 100 Tracks of 2013
Jon Hopkins,7yxi31szvlbwvKq9dYOmFI,Open Eye Signal,5aBdWL4ud0ovtDJIJGQLdc,Immunity,2013-06-03,0,False,468.586,"{'danceability': 0.798, 'energy': 0.715, 'key': 0, 'loudness': -7.103, 'mode': 1, 'speechiness': 0.215, 'acousticness': 0.191, 'instrumentalness': 0.773, 'liveness': 0.112, 'valence': 0.199, 'tempo': 122.47, 'type': 'audio_features', 'id': '5aBdWL4ud0ovtDJIJGQLdc', 'uri': 'spotify:track:5aBdWL4ud0ovtDJIJGQLdc', 'track_href': 'https://api.spotify.com/v1/tracks/5aBdWL4ud0ovtDJIJGQLdc', 'analysis_url': 'https://api.spotify.com/v1/audio-analysis/5aBdWL4ud0ovtDJIJGQLdc', 'duration_ms': 468587, 'time_signature': 3}",The Top 100 Tracks of 2013,Top 100 Tracks of 2013
CHVRCHES,3CjlHNtplJyTf9npxaPl5w,Recover,0UXHAzvoEHciQHKkaLdKAW,The Bones Of What You Believe,2013-09-24,0,False,225.866,"{'danceability': 0.413, 'energy': 0.633, 'key': 7, 'loudness': -5.188, 'mode': 1, 'speechiness': 0.0558, 'acousticness': 0.00444, 'instrumentalness': 0, 'liveness': 0.361, 'valence': 0.187, 'tempo': 170.016, 'type': 'audio_features', 'id': '0UXHAzvoEHciQHKkaLdKAW', 'uri': 'spotify:track:0UXHAzvoEHciQHKkaLdKAW', 'track_href': 'https://api.spotify.com/v1/tracks/0UXHAzvoEHciQHKkaLdKAW', 'analysis_url': 'https://api.spotify.com/v1/audio-analysis/0UXHAzvoEHciQHKkaLdKAW', 'duration_ms': 225867, 'time_signature': 4}",The Top 100 Tracks of 2013,Top 100 Tracks of 2013
Janelle Mon√°e,6ueGR6SWhUJfvEhqkvMsVs,Q.U.E.E.N. (feat. Erykah Badu),3HW030T8eqPs8wpsgZqCGM,The Electric Lady,2013-09-06,48,False,310.48,"{'danceability': 0.843, 'energy': 0.433, 'key': 0, 'loudness': -8.139, 'mode': 1, 'speechiness': 0.0676, 'acousticness': 0.0114, 'instrumentalness': 8.19e-06, 'liveness': 0.123, 'valence': 0.161, 'tempo': 106.028, 'type': 'audio_features', 'id': '3HW030T8eqPs8wpsgZqCGM', 'uri': 'spotify:track:3HW030T8eqPs8wpsgZqCGM', 'track_href': 'https://api.spotify.com/v1/tracks/3HW030T8eqPs8wpsgZqCGM', 'analysis_url': 'https://api.spotify.com/v1/audio-analysis/3HW030T8eqPs8wpsgZqCGM', 'duration_ms': 310480, 'time_signature': 4}",The Top 100 Tracks of 2013,Top 100 Tracks of 2013
The National,2cCUtGK9sDU2EoElnk0GNB,Pink Rabbits,193ZaXTaD0dPz66pUYS3SQ,Trouble Will Find Me,2013-05-27,0,False,276.2,"{'danceability': 0.501, 'energy': 0.657, 'key': 9, 'loudness': -7.332, 'mode': 1, 'speechiness': 0.0443, 'acousticness': 0.789, 'instrumentalness': 0.0997, 'liveness': 0.0908, 'valence': 0.282, 'tempo': 110.11, 'type': 'audio_features', 'id': '193ZaXTaD0dPz66pUYS3SQ', 'uri': 'spotify:track:193ZaXTaD0dPz66pUYS3SQ', 'track_href': 'https://api.spotify.com/v1/tracks/193ZaXTaD0dPz66pUYS3SQ', 'analysis_url': 'https://api.spotify.com/v1/audio-analysis/193ZaXTaD0dPz66pUYS3SQ', 'duration_ms': 276200, 'time_signature': 4}",The Top 100 Tracks of 2013,Top 100 Tracks of 2013
Grouper,31uyAcnY0kjjKKIQZMKX4i,Vital,4BzmSQYR6wYkjG894IMfdd,The Man Who Died in His Boat,2013-02-04,32,False,254.04,"{'danceability': 0.233, 'energy': 0.221, 'key': 1, 'loudness': -19.039, 'mode': 1, 'speechiness': 0.0313, 'acousticness': 0.869, 'instrumentalness': 0.906, 'liveness': 0.103, 'valence': 0.0883, 'tempo': 85.452, 'type': 'audio_features', 'id': '4BzmSQYR6wYkjG894IMfdd', 'uri': 'spotify:track:4BzmSQYR6wYkjG894IMfdd', 'track_href': 'https://api.spotify.com/v1/tracks/4BzmSQYR6wYkjG894IMfdd', 'analysis_url': 'https://api.spotify.com/v1/audio-analysis/4BzmSQYR6wYkjG894IMfdd', 'duration_ms': 254040, 'time_signature': 4}",The Top 100 Tracks of 2013,Top 100 Tracks of 2013
Yo La Tengo,5hAhrnb0Ch4ODwWu4tsbpi,Ohm,4Tw53Ljw0JuQIGH0aJq9Zb,Fade,2013-01-14,0,False,407.986,"{'danceability': 0.533, 'energy': 0.985, 'key': 2, 'loudness': -5.355, 'mode': 1, 'speechiness': 0.0678, 'acousticness': 0.0793, 'instrumentalness': 0.671, 'liveness': 0.209, 'valence': 0.632, 'tempo': 111.588, 'type': 'audio_features', 'id': '4Tw53Ljw0JuQIGH0aJq9Zb', 'uri': 'spotify:track:4Tw53Ljw0JuQIGH0aJq9Zb', 'track_href': 'https://api.spotify.com/v1/tracks/4Tw53Ljw0JuQIGH0aJq9Zb', 'analysis_url': 'https://api.spotify.com/v1/audio-analysis/4Tw53Ljw0JuQIGH0aJq9Zb', 'duration_ms': 407987, 'time_signature': 4}",The Top 100 Tracks of 2013,Top 100 Tracks of 2013
Forest Swords,2VarlUiM6Lw0SA7BvwVPRP,Thor's Stone,0XwTCFtmiwCwtjjyTd7xci,Engravings,2013-08-27,0,False,271.226,"{'danceability': 0.46, 'energy': 0.361, 'key': 1, 'loudness': -13.18, 'mode': 1, 'speechiness': 0.038, 'acousticness': 0.944, 'instrumentalness': 0.926, 'liveness': 0.689, 'valence': 0.371, 'tempo': 79.977, 'type': 'audio_features', 'id': '0XwTCFtmiwCwtjjyTd7xci', 'uri': 'spotify:track:0XwTCFtmiwCwtjjyTd7xci', 'track_href': 'https://api.spotify.com/v1/tracks/0XwTCFtmiwCwtjjyTd7xci', 'analysis_url': 'https://api.spotify.com/v1/audio-analysis/0XwTCFtmiwCwtjjyTd7xci', 'duration_ms': 271227, 'time_signature': 4}",The Top 100 Tracks of 2013,Top 100 Tracks of 2013
Lil Durk,3hcs9uc56yIGFCSy9leWe7,Dis Ain't What U Want,6XSiJ7gFSHV79Qllz8S5l9,Dis Ain't What U Want,2013-01-01,8,False,245.466,"{'danceability': 0.695, 'energy': 0.564, 'key': 1, 'loudness': -6.632, 'mode': 1, 'speechiness': 0.0355, 'acousticness': 0.00777, 'instrumentalness': 0, 'liveness': 0.296, 'valence': 0.141, 'tempo': 124.049, 'type': 'audio_features', 'id': '6XSiJ7gFSHV79Qllz8S5l9', 'uri': 'spotify:track:6XSiJ7gFSHV79Qllz8S5l9', 'track_href': 'https://api.spotify.com/v1/tracks/6XSiJ7gFSHV79Qllz8S5l9', 'analysis_url': 'https://api.spotify.com/v1/audio-analysis/6XSiJ7gFSHV79Qllz8S5l9', 'duration_ms': 245467, 'time_signature': 4}",The Top 100 Tracks of 2013,Top 100 Tracks of 2013
David Bowie,0oSGxfWSnnOXhD2fKuz2Gy,Love Is Lost - Hello Steve Reich Mix by James Murphy for the DFA,1aNnqF2XPA7VQngm1Vv2nw,Love Is Lost,2013-10-11,0,False,626.013,"{'danceability': 0.701, 'energy': 0.905, 'key': 6, 'loudness': -10.393, 'mode': 1, 'speechiness': 0.048, 'acousticness': 0.0416, 'instrumentalness': 0.797, 'liveness': 0.342, 'valence': 0.958, 'tempo': 101.997, 'type': 'audio_features', 'id': '1aNnqF2XPA7VQngm1Vv2nw', 'uri': 'spotify:track:1aNnqF2XPA7VQngm1Vv2nw', 'track_href': 'https://api.spotify.com/v1/tracks/1aNnqF2XPA7VQngm1Vv2nw', 'analysis_url': 'https://api.spotify.com/v1/audio-analysis/1aNnqF2XPA7VQngm1Vv2nw', 'duration_ms': 626013, 'time_signature': 4}",The Top 100 Tracks of 2013,Top 100 Tracks of 2013
Duke Dumont,61lyPtntblHJvA7FMMhi7E,Need U (100%) [feat. A*M*E] [Original Mix],3Ts8qO81mUmct2mRhUbfLw,Need U (100%) [feat. A*M*E],2013-05-07,0,False,233.707,"{'danceability': 0.759, 'energy': 0.632, 'key': 5, 'loudness': -5.296, 'mode': 0, 'speechiness': 0.0659, 'acousticness': 0.00168, 'instrumentalness': 0.0681, 'liveness': 0.0579, 'valence': 0.412, 'tempo': 124.01, 'type': 'audio_features', 'id': '3Ts8qO81mUmct2mRhUbfLw', 'uri': 'spotify:track:3Ts8qO81mUmct2mRhUbfLw', 'track_href': 'https://api.spotify.com/v1/tracks/3Ts8qO81mUmct2mRhUbfLw', 'analysis_url': 'https://api.spotify.com/v1/audio-analysis/3Ts8qO81mUmct2mRhUbfLw', 'duration_ms': 233707, 'time_signature': 4}",The Top 100 Tracks of 2013,Top 100 Tracks of 2013
Swearin',5Hd2TLBA44nP3ftPAC1ZlZ,Dust in the Gold Sack,0tDkaXdZJBCm4GZckzyCs9,Surfing Strange,2013-11-05,0,False,188.667,"{'danceability': 0.303, 'energy': 0.937, 'key': 4, 'loudness': -4.595, 'mode': 1, 'speechiness': 0.0489, 'acousticness': 0.000249, 'instrumentalness': 0.0564, 'liveness': 0.116, 'valence': 0.251, 'tempo': 75.838, 'type': 'audio_features', 'id': '0tDkaXdZJBCm4GZckzyCs9', 'uri': 'spotify:track:0tDkaXdZJBCm4GZckzyCs9', 'track_href': 'https://api.spotify.com/v1/tracks/0tDkaXdZJBCm4GZckzyCs9', 'analysis_url': 'https://api.spotify.com/v1/audio-analysis/0tDkaXdZJBCm4GZckzyCs9', 'duration_ms': 188668, 'time_signature': 4}",The Top 100 Tracks of 2013,Top 100 Tracks of 2013
Foxygen,55LHFEtIplWhsfyWZUwkf4,No Destruction,0v2vZVyUsYIe0bFRrQ9k13,We Are The 21st Century Ambassadors Of Peace & Magic,2013,0,False,296.573,"{'danceability': 0.599, 'energy': 0.676, 'key': 2, 'loudness': -8.213, 'mode': 1, 'speechiness': 0.0261, 'acousticness': 0.31, 'instrumentalness': 0.0013, 'liveness': 0.14, 'valence': 0.895, 'tempo': 112.977, 'type': 'audio_features', 'id': '0v2vZVyUsYIe0bFRrQ9k13', 'uri': 'spotify:track:0v2vZVyUsYIe0bFRrQ9k13', 'track_href': 'https://api.spotify.com/v1/tracks/0v2vZVyUsYIe0bFRrQ9k13', 'analysis_url': 'https://api.spotify.com/v1/audio-analysis/0v2vZVyUsYIe0bFRrQ9k13', 'duration_ms': 296573, 'time_signature': 4}",The Top 100 Tracks of 2013,Top 100 Tracks of 2013
The Range,5xsSdtWHooM9IL5WnDWTdD,Metal Swing,6MpxBzJJTSw6m6K7HzHrVM,Nonfiction,2013-10-14,18,False,248.104,"{'danceability': 0.307, 'energy': 0.473, 'key': 5, 'loudness': -11.77, 'mode': 0, 'speechiness': 0.0456, 'acousticness': 0.00128, 'instrumentalness': 0.0304, 'liveness': 0.138, 'valence': 0.0829, 'tempo': 98.861, 'type': 'audio_features', 'id': '6MpxBzJJTSw6m6K7HzHrVM', 'uri': 'spotify:track:6MpxBzJJTSw6m6K7HzHrVM', 'track_href': 'https://api.spotify.com/v1/tracks/6MpxBzJJTSw6m6K7HzHrVM', 'analysis_url': 'https://api.spotify.com/v1/audio-analysis/6MpxBzJJTSw6m6K7HzHrVM', 'duration_ms': 248105, 'time_signature': 4}",The Top 100 Tracks of 2013,Top 100 Tracks of 2013
Thee Oh Sees,3qYfqdVwX0fil71onLpLkh,Toe Cutter - Thumb Buster,24aZylD1cRUoArqSos5HwA,Floating Coffin,2013-04-16,0,False,212.6,"{'danceability': 0.402, 'energy': 0.838, 'key': 8, 'loudness': -8.507, 'mode': 1, 'speechiness': 0.0617, 'acousticness': 0.000196, 'instrumentalness': 0.743, 'liveness': 0.0964, 'valence': 0.431, 'tempo': 109.447, 'type': 'audio_features', 'id': '24aZylD1cRUoArqSos5HwA', 'uri': 'spotify:track:24aZylD1cRUoArqSos5HwA', 'track_href': 'https://api.spotify.com/v1/tracks/24aZylD1cRUoArqSos5HwA', 'analysis_url': 'https://api.spotify.com/v1/audio-analysis/24aZylD1cRUoArqSos5HwA', 'duration_ms': 212600, 'time_signature': 4}",The Top 100 Tracks of 2013,Top 100 Tracks of 2013
Factory Floor,6xgNzJAeEB8BTOSzcTO1EI,Fall Back,19riPF4Sj02DY3zRlugeLD,Factory Floor,2013-09-09,0,False,442.551,"{'danceability': 0.697, 'energy': 0.991, 'key': 11, 'loudness': -5.791, 'mode': 1, 'speechiness': 0.0607, 'acousticness': 0.000256, 'instrumentalness': 0.85, 'liveness': 0.0991, 'valence': 0.466, 'tempo': 130.002, 'type': 'audio_features', 'id': '19riPF4Sj02DY3zRlugeLD', 'uri': 'spotify:track:19riPF4Sj02DY3zRlugeLD', 'track_href': 'https://api.spotify.com/v1/tracks/19riPF4Sj02DY3zRlugeLD', 'analysis_url': 'https://api.spotify.com/v1/audio-analysis/19riPF4Sj02DY3zRlugeLD', 'duration_ms': 442551, 'time_signature': 4}",The Top 100 Tracks of 2013,Top 100 Tracks of 2013
